metric_id,metric_unit,asset_id,opc_ns,opc_id,notes
053A0LBD07CP901XQ01,bar,kgw,4,053 A0 LBD07 CP901%#_#%%#_#%XQ01,external - bar
053A0LBD07CP901XQ01,bar,kgw,4,053 A0 LBD07 CP901%#_#%XQ01%#_#%OUT,external - bar
053A0LBD27AA001XQ01,%,kgw,4,053 A0 LBD27 AA001%#_#%%#_#%XQ01,external - %
053A5MKY40CE002XQ01,MW,kgw,4,053 A5 MKY40 CE002%#_#%%#_#%XQ01,DT4 ACTV-POW GEN - MW
080A0LBD05AA025XB01,bar,kgw,4,080 A0 LBD05 AA025%#_#%%#_#%XB01,external - Verb-Schieber 25 bar Ltg.
080A0LBD05AA025XQ01,%,kgw,4,080 A0 LBD05 AA025%#_#%%#_#%XQ01,external - %
120A0AEA02CE016XQ01,A,kgw,4,120_A0_AEA02_CE016%#_#%%#_#%XQ01,Total Power Import - A
120A0AEA04CE016XQ01,A,kgw,4,120_A0_AEA04_CE016%#_#%%#_#%XQ01,Power Export - A
120A0BBA00CE901XQ01,MW,kgw,4,120_A0_BBA00_CE901%#_#%%#_#%XQ01,Power Consumption - MW
120A0BBA04CE000XQ01,MW,kgw,4,120_A0_BBA04_CE000%#_#%%#_#%XQ01,DSM Power Import - MW
120A0BBA05CE000XQ01,MW,kgw,4,120_A0_BBA05_CE000%#_#%%#_#%XQ01,BASF Power Import - MW
120A0GHC22AA001AXQ01,%,kgw,4,120 A0 GHC22 AA001A%#_#%%#_#%XQ01,external - %
120A0GHC22CF001XQ01,t/h,kgw,4,120 A0 GHC22 CF001%#_#%%#_#%XQ01,external - t/h
120A0HHG01CP001AXQ01,bar,kgw,4,120 A0 HHG01 CP001A%#_#%%#_#%XQ01,external - bar
120A0HHG01CT001AXQ01,°C,kgw,4,120 A0 HHG01 CT001A%#_#%%#_#%XQ01,external - °C
120A0LAA00EE001XA31,,kgw,4,120 A0 LAA00 EE001%#_#%NEU%#_#%XA31,external
120A0LAA00EE001XA32,,kgw,4,120 A0 LAA00 EE001%#_#%NEU%#_#%XA32,external
120A0LAA00EE001XA33,,kgw,4,120 A0 LAA00 EE001%#_#%NEU%#_#%XA33,external
120A0LAA00EE001XA89,,kgw,4,120 A0 LAA00 EE001%#_#%%#_#%XA89,external
120A0LAA20CL001XQ01,%,kgw,4,120 A0 LAA20 CL001%#_#%%#_#%XQ01,external - %
120A0LAA20DL001XD,%,kgw,4,120 A0 LAA20 DL001%#_#%%#_#%XD,external - %
120A0LAA20DP001XD,%,kgw,4,120 A0 LAA20 DP001%#_#%%#_#%XD,external - %
120A0LAA40CP001XQ01,bar,kgw,4,120 A0 LAA40 CP001%#_#%%#_#%XQ01,external - bar
120A0LAB60CP701XQ01,bar,kgw,4,120 A0 LAB60 CP701%#_#%%#_#%XQ01,external - bar
120A0LAB70CP701XQ01,bar,kgw,4,120 A0 LAB70 CP701%#_#%%#_#%XQ01,external - bar
120A0LBE13AA001AXQ01,%,kgw,4,120 A0 LBE13 AA001A%#_#%%#_#%XQ01,external - %
120A0LBE21AA001AXQ01,%,kgw,4,120 A0 LBE21 AA001A%#_#%%#_#%XQ01,external - %
120A0LBE21AA001XQ01_HW,%,kgw,4,120 A0 LBE21 AA001%#_#%%#_#%XQ01_HW,external - %
120A0LBE21CP001XQ01,bar,kgw,4,120 A0 LBE21 CP001%#_#%%#_#%XQ01,7bar West P STM - bar
120A0LBE21CT901ZQ12,°C,kgw,4,120 A0 LBE21 CT901%#_#%%#_#%ZQ12,7bar West T STM - °C
120A0LBE21FF001XQ01,t/h,kgw,4,120 A0 LBE21 FF001%#_#%%#_#%XQ01,7bar West STM-F - t/h
120A0QUA20CQ001XQ01,µS/cm,kgw,4,120 A0 QUA20 CQ001%#_#%%#_#%XQ01,external - µS/cm
120A0QUA20CQ002XQ01,PH,kgw,4,120 A0 QUA20 CQ002%#_#%%#_#%XQ01,external - PH
120A0QUA20CQ003XQ01,µS/cm,kgw,4,120 A0 QUA20 CQ003%#_#%%#_#%XQ01,external - µS/cm
120A6HAD01CP001XQ01,bar,kgw,4,120 A6 HAD01 CP001%#_#%%#_#%XQ01,K6 P STM - bar
120A6HHG01CF001XQ01,Bm³/h,kgw,4,120 A6 HHG01 CF001%#_#%%#_#%XQ01,external - Bm³/h
120A6LBA01CT001BXQ01,°C,kgw,4,120 A6 LBA01 CT001B%#_#%%#_#%XQ01,external - °C
120A6LBA01CT001XQ01,°C,kgw,4,120 A6 LBA01 CT001%#_#%%#_#%XQ01,K6 T STM - °C
120A6LBA01FF001XQ01,t/h,kgw,4,120 A6 LBA01 FF001%#_#%%#_#%XQ01,K6 STM-F - t/h
120A7HAD01CL001XQ01,%,kgw,4,120 A7 HAD01 CL001%#_#%%#_#%XQ01,external - %
120A7HAD01CP001XQ01,bar,kgw,4,120 A7 HAD01 CP001%#_#%%#_#%XQ01,external - bar
120A7HAD01DP001BXQ01,bar,kgw,4,120 A7 HAD01 DP001B%#_#%%#_#%XQ01,external - bar
120A7HAH01CT001XQ01,°C,kgw,4,120 A7 HAH01 CT001%#_#%%#_#%XQ01,external - °C
120A7HHG01CF001XQ01,Bm³/h,kgw,4,120 A7 HHG01 CF001%#_#%%#_#%XQ01,external - Bm³/h
120A7HHG02CF001XQ01,Bm³/h,kgw,4,120 A7 HHG02 CF001%#_#%%#_#%XQ01,external - Bm³/h
120A7LAB01AA001MXQ01,%,kgw,4,120 A7 LAB01 AA001M%#_#%%#_#%XQ01,external - %
120A7LAB01CF001XQ01,t/h,kgw,4,120 A7 LAB01 CF001%#_#%%#_#%XQ01,external - t/h
120A7LBA01AA301XQ01,%,kgw,4,120 A7 LBA01 AA301%#_#%%#_#%XQ01,external - %
120A7LBA01CF001XQ01,,kgw,4,120 A7 LBA01 CF001%#_#%%#_#%XQ01,external
120A7LBA01CP001BXQ01,bar,kgw,4,120 A7 LBA01 CP001B%#_#%%#_#%XQ01,external - bar
120A7LBA01CP001XQ01,bar,kgw,4,120 A7 LBA01 CP001%#_#%%#_#%XQ01,K7 P STM - bar
120A7LBA01CT001XQ01,°C,kgw,4,120 A7 LBA01 CT001%#_#%%#_#%XQ01,K7 T STM - °C
120A7LBA01FF001XQ01,t/h,kgw,4,120 A7 LBA01 FF001%#_#%%#_#%XQ01,K7 STM-F - t/h
120A8HAD01CL001XQ01,%,kgw,4,120 A8 HAD01 CL001%#_#%%#_#%XQ01,external - %
120A8HAD01CP001XQ01,bar,kgw,4,120 A8 HAD01 CP001%#_#%%#_#%XQ01,external - bar
120A8HAD01DP001BXQ01,bar,kgw,4,120 A8 HAD01 DP001B%#_#%%#_#%XQ01,external - bar
120A8HAH01CT001XQ01,°C,kgw,4,120 A8 HAH01 CT001%#_#%%#_#%XQ01,external - °C
120A8HHG01CF001XQ01,Bm³/h,kgw,4,120 A8 HHG01 CF001%#_#%%#_#%XQ01,external - Bm³/h
120A8HHG02CF001XQ01,Bm³/h,kgw,4,120 A8 HHG02 CF001%#_#%%#_#%XQ01,external - Bm³/h
120A8LAB01AA001MXQ01,%,kgw,4,120 A8 LAB01 AA001M%#_#%%#_#%XQ01,external - %
120A8LAB01CF001XQ01,t/h,kgw,4,120 A8 LAB01 CF001%#_#%%#_#%XQ01,external - t/h
120A8LBA01AA301XQ01,%,kgw,4,120 A8 LBA01 AA301%#_#%%#_#%XQ01,external - %
120A8LBA01CP001BXQ01,bar,kgw,4,120 A8 LBA01 CP001B%#_#%%#_#%XQ01,external - bar
120A8LBA01CP001XQ01,bar,kgw,4,120 A8 LBA01 CP001%#_#%%#_#%XQ01,K8 P STM - bar
120A8LBA01CT001XQ01,°C,kgw,4,120 A8 LBA01 CT001%#_#%%#_#%XQ01,K8 T STM - °C
120A8LBA01FF001XQ01,t/h,kgw,4,120 A8 LBA01 FF001%#_#%%#_#%XQ01,K8 STM-F - t/h
053A0LBA12CP001XQ01,bar,kgw,4,053_A0_LBA12_CP001%#_#%%#_#%XQ01,external - bar
053A0LBD07CP9011v2ZQ12,bar,kgw,4,053 A0 LBD07 CP901_1v2%#_#%%#_#%ZQ12,external - bar
053A0LBD17AA001XQ01,%,kgw,4,053 A0 LBD17 AA001%#_#%%#_#%XQ01,external - %
053A0LCP20CT001XQ01,°C,kgw,4,053_A0_LCP20_CT001%#_#%%#_#%XQ01,external - °C
053A5MAL23AA151XB01,,kgw,4,053_A5_MAL23_AA151%#_#%%#_#%XB01,external
053A5MAL23AA151XB95,,kgw,4,053_A5_MAL23_AA151%#_#%%#_#%XB95,external
053A6LAF50CG001XQ01,%,kgw,4,053_A6_LAF50_CG001%#_#%%#_#%XQ01,external - %
053A6LAF52CG001XQ01,%,kgw,4,053_A6_LAF52_CG001%#_#%%#_#%XQ01,external - %
053A6LAF52DT001XQ91,°C,kgw,4,053_A6_LAF52_DT001%#_#%%#_#%XQ91,external - °C
053A6LBA50CP901XQ01,bar,kgw,4,053_A6_LBA50_CP901%#_#%%#_#%XQ01,external - bar
053A6LBA50CT901XQ01,°C,kgw,4,053_A6_LBA50_CT901%#_#%%#_#%XQ01,external - °C
053A6LBA50FF001XQ01,t/h,kgw,4,053_A6_LBA50_FF001%#_#%%#_#%XQ01,FD 110bar v DT5 korr - t/h
053A6LBD54AA002XC95,%,kgw,4,053_A6_LBD54_AA002%#_#%%#_#%XC95,external - %
053A6LBD54AA002YQ01,%,kgw,4,053_A6_LBD54_AA002%#_#%%#_#%YQ01,external - %
053A6LBD54AA171XB01,,kgw,4,053_A6_LBD54_AA171%#_#%%#_#%XB01,external
053A6LBD54AA171XB95,,kgw,4,053_A6_LBD54_AA171%#_#%%#_#%XB95,external
053A6LBD54CG001XQ01,%,kgw,4,053_A6_LBD54_CG001%#_#%%#_#%XQ01,external - %
053A6LBD54CG002XQ01,%,kgw,4,053_A6_LBD54_CG002%#_#%%#_#%XQ01,external - %
053A6LBD54CT002XQ01,°C,kgw,4,053_A6_LBD54_CT002%#_#%%#_#%XQ01,external - °C
053A6LBD55CP901ZQ01,bar,kgw,4,053_A6_LBD55_CP901%#_#%%#_#%ZQ01,external - bar
053A6LBD55CT901ZQ01,°C,kgw,4,053_A6_LBD55_CT901%#_#%%#_#%ZQ01,external - °C
053A6LBE53AA771XB01,,kgw,4,053_A6_LBE53_AA771%#_#%%#_#%XB01,external
053A6LBE53AA771XB95,,kgw,4,053_A6_LBE53_AA771%#_#%%#_#%XB95,external
053A6LBE54AA771XB01,,kgw,4,053_A6_LBE54_AA771%#_#%%#_#%XB01,external
053A6LBE54AA771XB95,,kgw,4,053_A6_LBE54_AA771%#_#%%#_#%XB95,external
053A6LBE54CT901XQ01,°C,kgw,4,053_A6_LBE54_CT901%#_#%%#_#%XQ01,external - °C
053A6LBE54DT010XQ37,°C,kgw,4,053_A6_LBE54_DT010%#_#%%#_#%XQ37,external - °C
053A6LBE54DT010XQ91,°C,kgw,4,053_A6_LBE54_DT010%#_#%%#_#%XQ91,external - °C
053A6MAA00CE001XQ01,,kgw,4,053_A6_MAA00_CE001%#_#%%#_#%XQ01,DT
053A6MAA50CG001XQ01,%,kgw,4,053_A6_MAA50_CG001%#_#%%#_#%XQ01,external - %
053A6MAA50CP901XQ01,bar,kgw,4,053_A6_MAA50_CP901%#_#%%#_#%XQ01,external - bar
053A6MAA50CT003XQ01,°C,kgw,4,053_A6_MAA50_CT003%#_#%%#_#%XQ01,external - °C
053A6MAA50CT004XQ01,°C,kgw,4,053_A6_MAA50_CT004%#_#%%#_#%XQ01,external - °C
053A6MAA50CT901XQ01,°C,kgw,4,053_A6_MAA50_CT901%#_#%%#_#%XQ01,external - °C
053A6MAA50CT902XQ01,K,kgw,4,053_A6_MAA50_CT902%#_#%%#_#%XQ01,external - K
053A6MAA50CT903XQ01,°C,kgw,4,053_A6_MAA50_CT903%#_#%%#_#%XQ01,external - °C
053A6MAA50CT940XQ01,K,kgw,4,053_A6_MAA50_CT940%#_#%%#_#%XQ01,external - K
053A6MAA50CT950XQ01,K,kgw,4,053_A6_MAA50_CT950%#_#%%#_#%XQ01,external - K
053A6MAA50CT960XQ01,K,kgw,4,053_A6_MAA50_CT960%#_#%%#_#%XQ01,external - K
053A6MAA52CP901XQ01,bar,kgw,4,053_A6_MAA52_CP901%#_#%%#_#%XQ01,external - bar
053A6MAA52CT701XQ01,°C,kgw,4,053_A6_MAA52_CT701%#_#%%#_#%XQ01,external - °C
053A6MAA52CT702XQ01,°C,kgw,4,053_A6_MAA52_CT702%#_#%%#_#%XQ01,external - °C
053A6MAA52CT901XQ01,°C,kgw,4,053_A6_MAA52_CT901%#_#%%#_#%XQ01,external - °C
053A6MAD50CG901XQ01,mm,kgw,4,053_A6_MAD50_CG901%#_#%%#_#%XQ01,external - mm
053A6MAD50CS701XQ01,1/min,kgw,4,053_A6_MAD50_CS701%#_#%%#_#%XQ01,external - 1/min
053A6MAD50CS702XQ01,1/min,kgw,4,053_A6_MAD50_CS702%#_#%%#_#%XQ01,external - 1/min
053A6MAD50CS703XQ01,1/min,kgw,4,053_A6_MAD50_CS703%#_#%%#_#%XQ01,external - 1/min
053A6MAD50CS901XQ01,1/min,kgw,4,053_A6_MAD50_CS901%#_#%%#_#%XQ01,external - 1/min
053A6MAD50CT901XQ01,°C,kgw,4,053_A6_MAD50_CT901%#_#%%#_#%XQ01,external - °C
053A6MAD50CT902XQ01,°C,kgw,4,053_A6_MAD50_CT902%#_#%%#_#%XQ01,external - °C
053A6MAD50CT903XQ01,°C,kgw,4,053_A6_MAD50_CT903%#_#%%#_#%XQ01,external - °C
053A6MAD50CY901XQ01,µm,kgw,4,053_A6_MAD50_CY901%#_#%%#_#%XQ01,external - µm
053A6MAD51CT901XQ01,°C,kgw,4,053_A6_MAD51_CT901%#_#%%#_#%XQ01,external - °C
053A6MAD51CY901XQ01,µm,kgw,4,053_A6_MAD51_CY901%#_#%%#_#%XQ01,external - µm
053A6MAK50CT901XQ01,°C,kgw,4,053_A6_MAK50_CT901%#_#%%#_#%XQ01,external - °C
053A6MAK50CT902XQ01,°C,kgw,4,053_A6_MAK50_CT902%#_#%%#_#%XQ01,external - °C
053A6MAK50CY901XQ01,µm,kgw,4,053_A6_MAK50_CY901%#_#%%#_#%XQ01,external - µm
053A6MAK50CY902XQ01,µm,kgw,4,053_A6_MAK50_CY902%#_#%%#_#%XQ01,external - µm
053A6MAK51CT901XQ01,°C,kgw,4,053_A6_MAK51_CT901%#_#%%#_#%XQ01,external - °C
053A6MAK51CT902XQ01,°C,kgw,4,053_A6_MAK51_CT902%#_#%%#_#%XQ01,external - °C
053A6MAK51CY901XQ01,µm,kgw,4,053_A6_MAK51_CY901%#_#%%#_#%XQ01,external - µm
053A6MAK51CY902XQ01,,kgw,4,053_A6_MAK51_CY902%#_#%%#_#%XQ01,external - DT5 WelSchwg Getr Rad hi
053A6MAL52AA751XB26,,kgw,4,053_A6_MAL52_AA751%#_#%%#_#%XB26,external
053A6MAL52AA751XB27,,kgw,4,053_A6_MAL52_AA751%#_#%%#_#%XB27,external
053A6MAL52AA751XB55,,kgw,4,053_A6_MAL52_AA751%#_#%%#_#%XB55,external
053A6MAL52AA751XB95,,kgw,4,053_A6_MAL52_AA751%#_#%%#_#%XB95,external
053A6MAL57CT001XQ01,°C,kgw,4,053_A6_MAL57_CT001%#_#%%#_#%XQ01,external - °C
053A6MAL57CT002XQ01,°C,kgw,4,053_A6_MAL57_CT002%#_#%%#_#%XQ01,external - °C
053A6MAM50CP901XQ01,mbar,kgw,4,053_A6_MAM50_CP901%#_#%%#_#%XQ01,external - mbar
053A6MAV50CL001XQ01,%,kgw,4,053_A6_MAV50_CL001%#_#%%#_#%XQ01,external - %
053A6MAV50CT001XQ01,°C,kgw,4,053_A6_MAV50_CT001%#_#%%#_#%XQ01,external - °C
053A6MAV55CT901XQ01,°C,kgw,4,053_A6_MAV55_CT901%#_#%%#_#%XQ01,external - °C
053A6MAV58CP901XQ01,bar,kgw,4,053_A6_MAV58_CP901%#_#%%#_#%XQ01,external - bar
053A6MAX53CP901XQ01,bara,kgw,4,053_A6_MAX53_CP901%#_#%%#_#%XQ01,external - bara
053A6MKA50CE010XQ11,,kgw,4,053_A6_MKA50_CE010%#_#%%#_#%XQ11,external
053A6MKA50CE011XQ10,Hz,kgw,4,053_A6_MKA50_CE011%#_#%%#_#%XQ10,external - Hz
053A6MKA50CE012XQ07,MVA,kgw,4,053_A6_MKA50_CE012%#_#%%#_#%XQ07,external - MVA
053A6MKA50CE012XQ08,MW,kgw,4,053_A6_MKA50_CE012%#_#%%#_#%XQ08,DT5 ACTV-POW GEN - MW
053A6MKA50CE012XQ09,Mvar,kgw,4,053_A6_MKA50_CE012%#_#%%#_#%XQ09,external - Mvar
053A6MKA50CE014XQ01,A,kgw,4,053_A6_MKA50_CE014%#_#%%#_#%XQ01,external - A
053A6MKA50CE014XQ02,A,kgw,4,053_A6_MKA50_CE014%#_#%%#_#%XQ02,external - A
053A6MKA50CE014XQ03,A,kgw,4,053_A6_MKA50_CE014%#_#%%#_#%XQ03,external - A
053A6MKA50CE014XQ04,V,kgw,4,053_A6_MKA50_CE014%#_#%%#_#%XQ04,external - V
053A6MKA50CE014XQ05,V,kgw,4,053_A6_MKA50_CE014%#_#%%#_#%XQ05,external - V
053A6MKA50CE014XQ06,V,kgw,4,053_A6_MKA50_CE014%#_#%%#_#%XQ06,external - V
053A6MKA50CE099XQ00,V,kgw,4,053_A6_MKA50_CE099%#_#%%#_#%XQ00,external - V
053A6MKA50CE099XQ01,A,kgw,4,053_A6_MKA50_CE099%#_#%%#_#%XQ01,external - A
053A6MKA50CT001XQ01,°C,kgw,4,053_A6_MKA50_CT001%#_#%%#_#%XQ01,external - °C
053A6MKA50CT701XQ01,°C,kgw,4,053_A6_MKA50_CT701%#_#%%#_#%XQ01,external - °C
053A6MKA50CT702XQ01,°C,kgw,4,053_A6_MKA50_CT702%#_#%%#_#%XQ01,external - °C
053A6MKA50CT703XQ01,°C,kgw,4,053_A6_MKA50_CT703%#_#%%#_#%XQ01,external - °C
053A6MKA50CT901XQ01,°C,kgw,4,053_A6_MKA50_CT901%#_#%%#_#%XQ01,external - °C
053A6MKA50CT902XQ01,°C,kgw,4,053_A6_MKA50_CT902%#_#%%#_#%XQ01,external - °C
053A6MKA50DE010XA01,,kgw,4,053_A6_MKA50_DE010%#_#%%#_#%XA01,external
053A6MKA50DE010XA92,,kgw,4,053_A6_MKA50_DE010%#_#%%#_#%XA92,external
053A6MKA50DE010XQ37,MW,kgw,4,053_A6_MKA50_DE010%#_#%%#_#%XQ37,external - MW
053A6MKA50DE010XQ91,MW,kgw,4,053_A6_MKA50_DE010%#_#%%#_#%XQ91,external - MW
053A6MKC50DE010XQ02,Mvar,kgw,4,053_A6_MKC50_DE010%#_#%%#_#%XQ02,external - Mvar
053A6MKC50DE010XQ91,Mvar,kgw,4,053_A6_MKC50_DE010%#_#%%#_#%XQ91,external - Mvar
053A6MKC50DE010YG01,,kgw,4,053_A6_MKC50_DE010%#_#%%#_#%YG01,external
053A6MKC50DE020XA01,,kgw,4,053_A6_MKC50_DE020%#_#%%#_#%XA01,external
053A6MKC50DE020XQ02,cos phi,kgw,4,053_A6_MKC50_DE020%#_#%%#_#%XQ02,external - cos phi
053A6MKC50DE020YG01,,kgw,4,053_A6_MKC50_DE020%#_#%%#_#%YG01,external
053A6MKC50DE020YQ01,,kgw,4,053_A6_MKC50_DE020%#_#%%#_#%YQ01,external
053A6MKD50CT901XQ01,°C,kgw,4,053_A6_MKD50_CT901%#_#%%#_#%XQ01,external - °C
053A6MKD50CY901XQ01,µm,kgw,4,053_A6_MKD50_CY901%#_#%%#_#%XQ01,external - µm
053A6MKD51CT901XQ01,°C,kgw,4,053_A6_MKD51_CT901%#_#%%#_#%XQ01,external - °C
053A6MKD51CY901XQ01,µm,kgw,4,053_A6_MKD51_CY901%#_#%%#_#%XQ01,external - µm
053A6MKF20AA101XB01,,kgw,4,053_A6_MKF20_AA101%#_#%%#_#%XB01,external
053A6MKF20AA101XB95,,kgw,4,053_A6_MKF20_AA101%#_#%%#_#%XB95,external
053A9HAD10CP001XQ01,bar,kgw,4,053_A9_HAD10_CP001%#_#%%#_#%XQ01,K4 P STM - bar
053A9HAD10CQ001XQ01,µS/cm,kgw,4,053_A9_HAD10_CQ001%#_#%%#_#%XQ01,external - µS/cm
053A9HAD10GH002XV01,,kgw,4,053_A9_HAD10_GH002%#_#%%#_#%XV01,K4 in Druckregelung
053A9HHG10CF901XQ01,Nm³/h,kgw,4,053_A9_HHG10_CF901%#_#%%#_#%XQ01,K4 GAS-F - Nm³/h
053A9HNA10CT001XQ01,°C,kgw,4,053_A9_HNA10_CT001%#_#%%#_#%XQ01,external - °C
053A9HNA20CQ001XQ11,Vol%,kgw,4,053_A9_HNA20_CQ001%#_#%%#_#%XQ11,external - Vol%
053A9HNA20CQ002XQ11,mg/Nm³,kgw,4,053_A9_HNA20_CQ002%#_#%%#_#%XQ11,external - mg/Nm³
053A9HNA20CQ003XQ11,mg/Nm³,kgw,4,053_A9_HNA20_CQ003%#_#%%#_#%XQ11,external - mg/Nm³
053A9LAC11AP001XB01,,kgw,4,053_A9_LAC11_AP001%#_#%%#_#%XB01,external
053A9LAC11CP701XQ01,mbar,kgw,4,053_A9_LAC11_CP701%#_#%%#_#%XQ01,external - mbar
053A9LAC12AP001XB01,,kgw,4,053_A9_LAC12_AP001%#_#%%#_#%XB01,external
053A9LAC12CP701XQ01,mbar,kgw,4,053_A9_LAC12_CP701%#_#%%#_#%XQ01,external - mbar
053A9LBA01CF901XQ01,t/h,kgw,4,053_A9_LBA01_CF901%#_#%%#_#%XQ01,K4 STM-F - t/h
053A9LBA01CT001XQ01,°C,kgw,4,053_A9_LBA01_CT001%#_#%%#_#%XQ01,K4 T STM - °C
120A0AEA00FE911XQ05,,kgw,4,120 A0 AEA00 FE911%#_#%114193%#_#%XQ05,Operationmode
120A0AEA00FE911XQ01,MW,kgw,4,120 A0 AEA00 FE911%#_#%%#_#%XQ01,Setpoint Export - MW
120A0CJA00CE001XQ01,,kgw,4,120_A0_CJA00_CE001%#_#%%#_#%XQ01,Übergabelst
120A0CJA00EE002XV91,bool,kgw,4,120_A0_CJA00_EE002%#_#%%#_#%XV91,Rückmeldung DT5 regelt 7 bar Netzdruck - bool
120A0CJA00EE004XQ04,,kgw,4,120_A0_CJA00_EE004%#_#%%#_#%XQ04,Besicherungreihenfolge K4
120A0CJA00EE004XQ07,,kgw,4,120_A0_CJA00_EE004%#_#%%#_#%XQ07,Besicherungreihenfolge K7
120A0CJA00EE004XQ08,,kgw,4,120_A0_CJA00_EE004%#_#%%#_#%XQ08,Besicherungreihenfolge K8
120A0CJA00EE004XQ09,,kgw,4,120_A0_CJA00_EE004%#_#%%#_#%XQ09,Besicherungreihenfolge RedStat110/7
120A0CJA00EE004XQ24,bar,kgw,4,120_A0_CJA00_EE004%#_#%%#_#%XQ24,K4 Startdruck für Besicherung - bar
120A0CJA00EE004XQ27,bar,kgw,4,120_A0_CJA00_EE004%#_#%%#_#%XQ27,K7 Startdruck für Besicherung - bar
120A0CJA00EE004XQ28,bar,kgw,4,120_A0_CJA00_EE004%#_#%%#_#%XQ28,K8 Startdruck für Besicherung - bar
120A0CJA00EE004XV93,bool,kgw,4,120_A0_CJA00_EE004%#_#%%#_#%XV93,Rückmeldung RedStat 110/7 regelt 7 bar Netzdruck - bool
120A0CJA00EE004ZV04,bool,kgw,4,120_A0_CJA00_EE004%#_#%%#_#%ZV04,Besicherungsreihenfolge K4 verfügbar - bool
120A0CJA00EE004ZV07,bool,kgw,4,120_A0_CJA00_EE004%#_#%%#_#%ZV07,Besicherungsreihenfolge K7 verfügbar - bool
120A0CJA00EE004ZV08,bool,kgw,4,120_A0_CJA00_EE004%#_#%%#_#%ZV08,Besicherungsreihenfolge K8 verfügbar - bool
120A0CJA10DE001XQ11,MW,kgw,4,120_A0_CJA10_DE001%#_#%%#_#%XQ11,Setpoint SRL positive - MW
120A0CJA10DE001XQ12,MW,kgw,4,120_A0_CJA10_DE001%#_#%%#_#%XQ12,Setpoint SRL negative - MW
120A0CJA20DU001XQ01,,kgw,4,120_A0_CJA20_DU001%#_#%%#_#%XQ01,Übergabeleistung
120A0CJA20DU001XQ02,kW,kgw,4,120_A0_CJA20_DU001%#_#%%#_#%XQ02,Eigenbedarf - kW
120A0CJA20DU001XQ03,,kgw,4,120_A0_CJA20_DU001%#_#%%#_#%XQ03,Standorteigenverbrauch DSM+BASF
120A0CJD01GH001XG01,bool,kgw,4,120_A0_CJD01_GH001%#_#%%#_#%XG01,SRL Activation - bool
120A0CJD01GH001XQ01,MW,kgw,4,120_A0_CJD01_GH001%#_#%%#_#%XQ01,Callsignal SRL from Combox - MW
120A0GHC10AA001AXQ01,%,kgw,4,120 A0 GHC10 AA001A%#_#%%#_#%XQ01,external - %
120A0GHC10AA101XB01,,kgw,4,120 A0 GHC10 AA101%#_#%%#_#%XB01,external
120A0GHC10CF001XQ01,t/h,kgw,4,120 A0 GHC10 CF001%#_#%%#_#%XQ01,external - t/h
120A0GHC10CF011XQ01,t/h,kgw,4,120 A0 GHC10 CF011%#_#%%#_#%XQ01,external - t/h
120A0GHC10CT001XQ01,°C,kgw,4,120 A0 GHC10 CT001%#_#%%#_#%XQ01,external - °C
120A0GHC10CT011XQ01,°C,kgw,4,120 A0 GHC10 CT011%#_#%%#_#%XQ01,external - °C
120A0GHC10CT021XQ01,°C,kgw,4,120 A0 GHC10 CT021%#_#%%#_#%XQ01,external - °C
120A0GHC20CT001XQ01,°C,kgw,4,120 A0 GHC20 CT001%#_#%%#_#%XQ01,external - °C
120A0GHC21AA001AXQ01,%,kgw,4,120 A0 GHC21 AA001A%#_#%%#_#%XQ01,external - %
120A0GHC21CF001XQ01,t/h,kgw,4,120 A0 GHC21 CF001%#_#%%#_#%XQ01,external - t/h
120A0LAA00DL001XQ91,%,kgw,4,120 A0 LAA00 DL001%#_#%%#_#%XQ91,external - %
120A0LAA00DP001XQ01,bar,kgw,4,120 A0 LAA00 DP001%#_#%%#_#%XQ01,external - bar
120A0LAA10CL001XQ01,%,kgw,4,120 A0 LAA10 CL001%#_#%%#_#%XQ01,external - %
120A0LAA10DL001XD,%,kgw,4,120 A0 LAA10 DL001%#_#%%#_#%XD,external - %
120A0LAA11AA101AXQ01,%,kgw,4,120 A0 LAA11 AA101A%#_#%%#_#%XQ01,external - %
120A0LAA11AA101XB01,,kgw,4,120 A0 LAA11 AA101%#_#%%#_#%XB01,external
120A0LAA30CP001XQ01,bar,kgw,4,120 A0 LAA30 CP001%#_#%%#_#%XQ01,external - bar
120A0LAA31CP001XQ01,bar,kgw,4,120 A0 LAA31 CP001%#_#%%#_#%XQ01,external - bar
120A0LAF20AA001AXQ01,%,kgw,4,120 A0 LAF20 AA001A%#_#%%#_#%XQ01,external - %
120A0LAF20AA001XQ01,%,kgw,4,120 A0 LAF20 AA001%#_#%%#_#%XQ01,external - %
120A0LAF30AA001AXQ01,%,kgw,4,120 A0 LAF30 AA001A%#_#%%#_#%XQ01,external - %
120A0LAF30AA001XQ01,%,kgw,4,120 A0 LAF30 AA001%#_#%%#_#%XQ01,external - %
120A0LBC00CE001XQ01,bar,kgw,4,120_A0_LBC00_CE001%#_#%%#_#%XQ01,Druckregelung 25bar
120A0LBC10CP901ZQ12,bar,kgw,4,120 A0 LBC10 CP901%#_#%%#_#%ZQ12,external - bar
120A0LBC20CP901XQ01,bar,kgw,4,120 A0 LBC20 CP901%#_#%%#_#%XQ01,external - bar
120A0LBC20CT901ZQ12,°C,kgw,4,120 A0 LBC20 CT901%#_#%%#_#%ZQ12,external - °C
120A0LBC21FF001XQ01,t/h,kgw,4,120 A0 LBC21 FF001%#_#%%#_#%XQ01,external - t/h
120A0LBD00CE001XQ01,bar,kgw,4,120_A0_LBD00_CE001%#_#%%#_#%XQ01,Druckregelung 7bar
120A0LBE12AA001AXQ01,%,kgw,4,120 A0 LBE12 AA001A%#_#%%#_#%XQ01,external - %
120A0LBE12DP001XD,%,kgw,4,120 A0 LBE12 DP001%#_#%%#_#%XD,external - %
120A0LBE20FF001AZQ01,t/h,kgw,4,120 A0 LBE20 FF001A%#_#%%#_#%ZQ01,SUM STM-F 7bar - t/h
120A0LBE22AA001AXQ01,%,kgw,4,120 A0 LBE22 AA001A%#_#%%#_#%XQ01,external - %
120A0LBE22AA001XQ01,%,kgw,4,120 A0 LBE22 AA001%#_#%%#_#%XQ01,external - %
120A0LBE22CP001XQ01,bar,kgw,4,120 A0 LBE22 CP001%#_#%%#_#%XQ01,7bar Ost P STM - bar
120A0LBE22CT901XQ01,°C,kgw,4,120 A0 LBE22 CT901%#_#%%#_#%XQ01,7bar Ost T STM - °C
120A0LBE22FF001XQ01,t/h,kgw,4,120 A0 LBE22 FF001%#_#%%#_#%XQ01,7bar Ost STM-F - t/h
120A0LBE23CP001XQ01,bar,kgw,4,120 A0 LBE23 CP001%#_#%%#_#%XQ01,7bar z BASF P STM - bar
120A0LBE23CT001XQ01,°C,kgw,4,120 A0 LBE23 CT001%#_#%%#_#%XQ01,7bar z BASF T STM - °C
120A0LBE23FF001XQ01,t/h,kgw,4,120 A0 LBE23 FF001%#_#%%#_#%XQ01,7bar z BASF STM-F - t/h
120A0LBF00CE001XQ01,bar,kgw,4,120_A0_LBF00_CE001%#_#%%#_#%XQ01,RedStat 110 - 7bar
120A0LBF10AA001AXQ01,%,kgw,4,120 A0 LBF10 AA001A%#_#%%#_#%XQ01,external - %
120A0LBF10AA001XQ01,%,kgw,4,120 A0 LBF10 AA001%#_#%%#_#%XQ01,external - %
120A0LBF20AA001AXQ01,%,kgw,4,120 A0 LBF20 AA001A%#_#%%#_#%XQ01,external - %
120A0LBF20AA001XQ01,%,kgw,4,120 A0 LBF20 AA001%#_#%%#_#%XQ01,external - %
120A0LBY02DP001AXQ01,bar,kgw,4,120 A0 LBY02 DP001A%#_#%%#_#%XQ01,RedStat 110/7 Startdruck für Besicherung - bar
120A0LBY02DP001AXQ20,bar,kgw,4,120 A0 LBY02 DP001A%#_#%%#_#%XQ20,external - bar
120A0LBY03DP001XQ91,bar,kgw,4,120 A0 LBY03 DP001%#_#%%#_#%XQ91,external - bar
120A0LFN10DQ001XQ01,%,kgw,4,120 A0 LFN10 DQ001%#_#%%#_#%XQ01,external - %
120A0LFN20DQ001XQ01,%,kgw,4,120 A0 LFN20 DQ001%#_#%%#_#%XQ01,external - %
120A0QUA10CQ001XQ01,µS/cm,kgw,4,120 A0 QUA10 CQ001%#_#%%#_#%XQ01,external - µS/cm
120A0QUA10CQ002XQ01,PH,kgw,4,120 A0 QUA10 CQ002%#_#%%#_#%XQ01,external - PH
120A0QUA10CQ003XQ01,µS/cm,kgw,4,120 A0 QUA10 CQ003%#_#%%#_#%XQ01,external - µS/cm
120A1EKA10FF001BXQ01,Nm³/h,kgw,4,120 A1 EKA10 FF001B%#_#%%#_#%XQ01,Qn MU1 HD-Station - Nm³/h
120A1EKA20FF001BXQ01,Nm³/h,kgw,4,120 A1 EKA20 FF001B%#_#%%#_#%XQ01,Qn MU1 HD-Station - Nm³/h
120A1GHC11AA001XQ01,%,kgw,4,120_A1_GHC11_AA001%#_#%%#_#%XQ01,external - %
120A1MBB15CT080XQ50,delta C,kgw,4,120_A1_MBB15_CT080%#_#%%#_#%XQ50,external - delta C
120A1MBB15CT081XQ50,°C,kgw,4,120_A1_MBB15_CT081%#_#%%#_#%XQ50,external - °C
120A1MBB15CT082XQ50,delta C,kgw,4,120_A1_MBB15_CT082%#_#%%#_#%XQ50,external - delta C
120A1MBB15CT083XQ50,°C,kgw,4,120_A1_MBB15_CT083%#_#%%#_#%XQ50,external - °C
120A1MBB15CT084XQ50,°C,kgw,4,120_A1_MBB15_CT084%#_#%%#_#%XQ50,external - °C
120A1MBB15CT085XQ50,°C,kgw,4,120_A1_MBB15_CT085%#_#%%#_#%XQ50,external - °C
120A1MBB15CT086XQ50,°C,kgw,4,120_A1_MBB15_CT086%#_#%%#_#%XQ50,external - °C
120A1MBB15CT091XQ50,°C,kgw,4,120_A1_MBB15_CT091%#_#%%#_#%XQ50,external - °C
120A1MBB15CT092XQ50,°C,kgw,4,120_A1_MBB15_CT092%#_#%%#_#%XQ50,external - °C
120A1MBB15CT093XQ50,°C,kgw,4,120_A1_MBB15_CT093%#_#%%#_#%XQ50,external - °C
120A1MBB15CT094XQ50,°C,kgw,4,120_A1_MBB15_CT094%#_#%%#_#%XQ50,external - °C
120A1MBB15CT095XQ50,°C,kgw,4,120_A1_MBB15_CT095%#_#%%#_#%XQ50,external - °C
120A1MBB15CT096XQ50,°C,kgw,4,120_A1_MBB15_CT096%#_#%%#_#%XQ50,external - °C
120A1MBB15CT097XQ50,°C,kgw,4,120_A1_MBB15_CT097%#_#%%#_#%XQ50,external - °C
120A1MBB15CT098XQ50,°C,kgw,4,120_A1_MBB15_CT098%#_#%%#_#%XQ50,external - °C
120A1MBB15CT950XQ50,°C,kgw,4,120_A1_MBB15_CT950%#_#%%#_#%XQ50,external - °C
120A1MBB15DT099XQ50,°C,kgw,4,120_A1_MBB15_DT099%#_#%%#_#%XQ50,external - °C
120A1MBB30CP070XQ50,bara,kgw,4,120_A1_MBB30_CP070%#_#%%#_#%XQ50,external - bara
120A1MBB30CP071XQ50,bara,kgw,4,120_A1_MBB30_CP071%#_#%%#_#%XQ50,external - bara
120A1MBB30CP072XQ50,bara,kgw,4,120_A1_MBB30_CP072%#_#%%#_#%XQ50,external - bara
120A1MBB30CP073XQ50,bard,kgw,4,120_A1_MBB30_CP073%#_#%%#_#%XQ50,external - bard
120A1MBB30CP074XQ50,bard,kgw,4,120_A1_MBB30_CP074%#_#%%#_#%XQ50,external - bard
120A1MBB30CT081XQ50,,kgw,4,120_A1_MBB30_CT081%#_#%%#_#%XQ50,external
120A1MBB30CT082XQ50,°C,kgw,4,120_A1_MBB30_CT082%#_#%%#_#%XQ50,external - °C
120A1MBB30CT083XQ50,°C,kgw,4,120_A1_MBB30_CT083%#_#%%#_#%XQ50,external - °C
120A1MBB30CT084XQ50,°C,kgw,4,120_A1_MBB30_CT084%#_#%%#_#%XQ50,external - °C
120A1MBB30CT085XQ50,°C,kgw,4,120_A1_MBB30_CT085%#_#%%#_#%XQ50,external - °C
120A1MBB30CT086XQ50,°C,kgw,4,120_A1_MBB30_CT086%#_#%%#_#%XQ50,external - °C
120A1MBB30CT087XQ50,°C,kgw,4,120_A1_MBB30_CT087%#_#%%#_#%XQ50,external - °C
120A1MBB30CT088XQ50,°C,kgw,4,120_A1_MBB30_CT088%#_#%%#_#%XQ50,external - °C
120A1MBB30CT089XQ50,°C,kgw,4,120_A1_MBB30_CT089%#_#%%#_#%XQ50,external - °C
120A1MBB30CT970XQ50,°C,kgw,4,120_A1_MBB30_CT970%#_#%%#_#%XQ50,external - °C
120A1MBC20AA020XQ50,%,kgw,4,120_A1_MBC20_AA020%#_#%%#_#%XQ50,external - %
120A1MBC20AA021XQ50,%,kgw,4,120_A1_MBC20_AA021%#_#%%#_#%XQ50,external - %
120A1MBD10CS060XQ50,%,kgw,4,120_A1_MBD10_CS060%#_#%%#_#%XQ50,external - %
120A1MBD10CY010XQ50,um pp,kgw,4,120_A1_MBD10_CY010%#_#%%#_#%XQ50,external - um pp
120A1MBD10CY011XQ50,um pp,kgw,4,120_A1_MBD10_CY011%#_#%%#_#%XQ50,external - um pp
120A1MBD10CY020XQ50,um pp,kgw,4,120_A1_MBD10_CY020%#_#%%#_#%XQ50,external - um pp
120A1MBD10CY021XQ50,um pp,kgw,4,120_A1_MBD10_CY021%#_#%%#_#%XQ50,external - um pp
120A1MBD10CY030XQ50,um pp,kgw,4,120_A1_MBD10_CY030%#_#%%#_#%XQ50,external - um pp
120A1MBD10CY031XQ50,um pp,kgw,4,120_A1_MBD10_CY031%#_#%%#_#%XQ50,external - um pp
120A1MBD10CY040XQ50,um pp,kgw,4,120_A1_MBD10_CY040%#_#%%#_#%XQ50,external - um pp
120A1MBD10CY041XQ50,um pp,kgw,4,120_A1_MBD10_CY041%#_#%%#_#%XQ50,external - um pp
120A1MBD10CY050XQ50,um pp,kgw,4,120_A1_MBD10_CY050%#_#%%#_#%XQ50,external - um pp
120A1MBD10CY051XQ50,um pp,kgw,4,120_A1_MBD10_CY051%#_#%%#_#%XQ50,external - um pp
120A1MBD10CY062XQ50,mm,kgw,4,120_A1_MBD10_CY062%#_#%%#_#%XQ50,external - mm
120A1MBD20CT060XQ50,°C,kgw,4,120_A1_MBD20_CT060%#_#%%#_#%XQ50,external - °C
120A1MBD20CT065XQ50,°C,kgw,4,120_A1_MBD20_CT065%#_#%%#_#%XQ50,external - °C
120A1MBD40CT070XQ50,°C,kgw,4,120_A1_MBD40_CT070%#_#%%#_#%XQ50,external - °C
120A1MBD50CS070XQ50,%,kgw,4,120_A1_MBD50_CS070%#_#%%#_#%XQ50,external - %
120A1MBD50CY072XQ50,mm,kgw,4,120_A1_MBD50_CY072%#_#%%#_#%XQ50,external - mm
120A1MBE00CE001XQ01,,kgw,4,120_A1_MBE00_CE001%#_#%%#_#%XQ01,GT
120A1MBK20CY064XQ50,mm/s rms,kgw,4,120_A1_MBK20_CY064%#_#%%#_#%XQ50,external - mm/s rms
120A1MBK20CY065XQ50,g rms,kgw,4,120_A1_MBK20_CY065%#_#%%#_#%XQ50,external - g rms
120A1MBK20CY074XQ50,mm/s rms,kgw,4,120_A1_MBK20_CY074%#_#%%#_#%XQ50,external - mm/s rms
120A1MBL20CP010XQ50,mbar,kgw,4,120_A1_MBL20_CP010%#_#%%#_#%XQ50,external - mbar
120A1MBL20CP015XQ50,mbar,kgw,4,120_A1_MBL20_CP015%#_#%%#_#%XQ50,external - mbar
120A1MBL40CT910XQ50,°C,kgw,4,120_A1_MBL40_CT910%#_#%%#_#%XQ50,external - °C
120A1MBP10CP013XQ50,barg,kgw,4,120_A1_MBP10_CP013%#_#%%#_#%XQ50,external - barg
120A1MBP11CP020XQ50,barg,kgw,4,120_A1_MBP11_CP020%#_#%%#_#%XQ50,external - barg
120A1MBP13CP021XQ50,bar,kgw,4,120_A1_MBP13_CP021%#_#%%#_#%XQ50,external - bar
120A1MBP13CT020XQ50,°C,kgw,4,120_A1_MBP13_CT020%#_#%%#_#%XQ50,external - °C
120A1MBP15CP026XQ50,barg,kgw,4,120_A1_MBP15_CP026%#_#%%#_#%XQ50,external - barg
120A1MBP20AA040XQ50,%,kgw,4,120_A1_MBP20_AA040%#_#%%#_#%XQ50,external - %
120A1MBP20CP940XQ50,bar,kgw,4,120_A1_MBP20_CP940%#_#%%#_#%XQ50,external - bar
120A1MBP30AA030XQ50,%,kgw,4,120_A1_MBP30_AA030%#_#%%#_#%XQ50,external - %
120A1MBP30AA031XQ50,%,kgw,4,120_A1_MBP30_AA031%#_#%%#_#%XQ50,external - %
120A1MBP30CP930XQ50,bar,kgw,4,120_A1_MBP30_CP930%#_#%%#_#%XQ50,external - bar
120A1MBV10CL010XQ50,cm,kgw,4,120_A1_MBV10_CL010%#_#%%#_#%XQ50,external - cm
120A1MBV10CP010XQ50,mbar,kgw,4,120_A1_MBV10_CP010%#_#%%#_#%XQ50,external - mbar
120A1MBV10CT010XQ50,°C,kgw,4,120_A1_MBV10_CT010%#_#%%#_#%XQ50,external - °C
120A1MBV40CP040XQ50,barg,kgw,4,120_A1_MBV40_CP040%#_#%%#_#%XQ50,external - barg
120A1MBV40CP940XQ50,bard,kgw,4,120_A1_MBV40_CP940%#_#%%#_#%XQ50,external - bard
120A1MBV45CP010XQ50,barg,kgw,4,120_A1_MBV45_CP010%#_#%%#_#%XQ50,external - barg
120A1MBV45CT010XQ50,°C,kgw,4,120_A1_MBV45_CT010%#_#%%#_#%XQ50,external - °C
120A1MBV86CT010XQ50,°C,kgw,4,120_A1_MBV86_CT010%#_#%%#_#%XQ50,external - °C
120A1MBV86CT030XQ50,°C,kgw,4,120_A1_MBV86_CT030%#_#%%#_#%XQ50,external - °C
120A1MBV86CT040XQ50,°C,kgw,4,120_A1_MBV86_CT040%#_#%%#_#%XQ50,external - °C
120A1MBV86CT930XQ50,delta °C,kgw,4,120_A1_MBV86_CT930%#_#%%#_#%XQ50,external - delta °C
120A1MBY00CF001XQ01,Nm³/h,kgw,4,120 A1 MBY00 CF001%#_#%%#_#%XQ01,GT GAS-F - Nm³/h
120A1MKA10CE001XQ01,kW,kgw,4,120 A1 MKA10 CE001%#_#%%#_#%XQ01,GT ACTV-POW GEN - kW
120A1MKD10CT030XQ50,°C,kgw,4,120_A1_MKD10_CT030%#_#%%#_#%XQ50,external - °C
120A1MKD10CY030XQ50,um pp,kgw,4,120_A1_MKD10_CY030%#_#%%#_#%XQ50,external - um pp
120A1MKD10CY031XQ50,um pp,kgw,4,120_A1_MKD10_CY031%#_#%%#_#%XQ50,external - um pp
120A1MKD20CT040XQ50,°C,kgw,4,120_A1_MKD20_CT040%#_#%%#_#%XQ50,external - °C
120A1MKD20CY040XQ50,um pp,kgw,4,120_A1_MKD20_CY040%#_#%%#_#%XQ50,external - um pp
120A1MKD20CY041XQ50,um pp,kgw,4,120_A1_MKD20_CY041%#_#%%#_#%XQ50,external - um pp
120A1MKF10CT062XQ50,°C,kgw,4,120_A1_MKF10_CT062%#_#%%#_#%XQ50,external - °C
120A1MKF10CT063XQ50,°C,kgw,4,120_A1_MKF10_CT063%#_#%%#_#%XQ50,external - °C
120A1MKF10CT072XQ50,°C,kgw,4,120_A1_MKF10_CT072%#_#%%#_#%XQ50,external - °C
120A1MKF10CT073XQ50,°C,kgw,4,120_A1_MKF10_CT073%#_#%%#_#%XQ50,external - °C
120A1MKJ10CT010XQ50,°C,kgw,4,120_A1_MKJ10_CT010%#_#%%#_#%XQ50,external - °C
120A1MKJ10CT020XQ50,°C,kgw,4,120_A1_MKJ10_CT020%#_#%%#_#%XQ50,external - °C
120A1MKJ10CT030XQ50,°C,kgw,4,120_A1_MKJ10_CT030%#_#%%#_#%XQ50,external - °C
120A1MKJF10CT060XQ50,°C,kgw,4,120_A1_MKJF10_CT060%#_#%%#_#%XQ50,external - °C
120A1MKJF10CT061XQ50,°C,kgw,4,120_A1_MKJF10_CT061%#_#%%#_#%XQ50,external - °C
120A1MKJF10CT070XQ50,°C,kgw,4,120_A1_MKJF10_CT070%#_#%%#_#%XQ50,external - °C
120A1MKJF10CT071XQ50,°C,kgw,4,120_A1_MKJF10_CT071%#_#%%#_#%XQ50,external - °C
120A1MKY10CE010XQ50,Vac,kgw,4,120_A1_MKY10_CE010%#_#%%#_#%XQ50,external - Vac
120A1MKY10CE013XQ50,Vac,kgw,4,120_A1_MKY10_CE013%#_#%%#_#%XQ50,external - Vac
120A1MKY10CE014XQ50,Vac,kgw,4,120_A1_MKY10_CE014%#_#%%#_#%XQ50,external - Vac
120A1MKY10CE015XQ50,Vac,kgw,4,120_A1_MKY10_CE015%#_#%%#_#%XQ50,external - Vac
120A1MKY10CE016XQ50,%,kgw,4,120_A1_MKY10_CE016%#_#%%#_#%XQ50,external - %
120A1MKY10CE017XQ50,Vdc,kgw,4,120_A1_MKY10_CE017%#_#%%#_#%XQ50,external - Vdc
120A1MKY10CE019XQ50,kW,kgw,4,120_A1_MKY10_CE019%#_#%%#_#%XQ50,external - kW
120A1MKY10CE020XQ50,Hz,kgw,4,120_A1_MKY10_CE020%#_#%%#_#%XQ50,external - Hz
120A1MKY10CE021XQ50,A,kgw,4,120_A1_MKY10_CE021%#_#%%#_#%XQ50,external - A
120A1MKY10CE022XQ50,kW,kgw,4,120_A1_MKY10_CE022%#_#%%#_#%XQ50,external - kW
120A1MKY10CE023XQ50,,kgw,4,120_A1_MKY10_CE023%#_#%%#_#%XQ50,external
120A1MKY10CE024XQ50,A,kgw,4,120_A1_MKY10_CE024%#_#%%#_#%XQ50,external - A
120A1MKY10CE025XQ50,A,kgw,4,120_A1_MKY10_CE025%#_#%%#_#%XQ50,external - A
120A1MKY10CE026XQ50,A,kgw,4,120_A1_MKY10_CE026%#_#%%#_#%XQ50,external - A
120A1MKY10CE027XQ50,%,kgw,4,120_A1_MKY10_CE027%#_#%%#_#%XQ50,external - %
120A1MKY10CE028XQ50,%,kgw,4,120_A1_MKY10_CE028%#_#%%#_#%XQ50,external - %
120A1MKY10CE030XQ50,,kgw,4,120_A1_MKY10_CE030%#_#%%#_#%XQ50,external
120A1MKY10CE070XQ50,kVA,kgw,4,120_A1_MKY10_CE070%#_#%%#_#%XQ50,external - kVA
120A1MKY10CE071XQ50,A,kgw,4,120_A1_MKY10_CE071%#_#%%#_#%XQ50,external - A
120A1MKY10CE080XQ50,kW,kgw,4,120_A1_MKY10_CE080%#_#%%#_#%XQ50,external - kW
120A1MKY10CE090XQ50,kW,kgw,4,120_A1_MKY10_CE090%#_#%%#_#%XQ50,GT ACTV-POW GEN - kW
120A1MKY10CF010XQ50,kg/h,kgw,4,120_A1_MKY10_CF010%#_#%%#_#%XQ50,external - kg/h
120A1MKY10CM010XQ50,%,kgw,4,120_A1_MKY10_CM010%#_#%%#_#%XQ50,external - %
120A1MKY10CP010XQ50,bar,kgw,4,120_A1_MKY10_CP010%#_#%%#_#%XQ50,external - bar
120A1MKY10CP011XQ50,mbar,kgw,4,120_A1_MKY10_CP011%#_#%%#_#%XQ50,external - mbar
120A1MKY10CP012XQ50,barg,kgw,4,120_A1_MKY10_CP012%#_#%%#_#%XQ50,external - barg
120A1MKY10CP013XQ50,barg,kgw,4,120_A1_MKY10_CP013%#_#%%#_#%XQ50,external - barg
120A1MKY10CP014XQ50,barg,kgw,4,120_A1_MKY10_CP014%#_#%%#_#%XQ50,external - barg
120A1MKY10CP015XQ50,bard,kgw,4,120_A1_MKY10_CP015%#_#%%#_#%XQ50,external - bard
120A1MKY10CP016XQ50,bard,kgw,4,120_A1_MKY10_CP016%#_#%%#_#%XQ50,external - bard
120A1MKY10CP017XQ55,bard,kgw,4,120_A1_MKY10_CP017%#_#%%#_#%XQ55,external - bard
120A1MKY10CP018XQ55,barg,kgw,4,120_A1_MKY10_CP018%#_#%%#_#%XQ55,external - barg
120A1MKY10CP019XQ50,mbar,kgw,4,120_A1_MKY10_CP019%#_#%%#_#%XQ50,external - mbar
120A1MKY10CP020XQ50,bar,kgw,4,120_A1_MKY10_CP020%#_#%%#_#%XQ50,external - bar
120A1MKY10CP021XQ50,bar,kgw,4,120_A1_MKY10_CP021%#_#%%#_#%XQ50,external - bar
120A1MKY10CP022XQ50,bar,kgw,4,120_A1_MKY10_CP022%#_#%%#_#%XQ50,external - bar
120A1MKY10CP023XQ50,bar,kgw,4,120_A1_MKY10_CP023%#_#%%#_#%XQ50,external - bar
120A1MKY10CP024XQ50,bar,kgw,4,120_A1_MKY10_CP024%#_#%%#_#%XQ50,external - bar
120A1MKY10CP025XQ50,bar,kgw,4,120_A1_MKY10_CP025%#_#%%#_#%XQ50,external - bar
120A1MKY10CP026XQ50,bar,kgw,4,120_A1_MKY10_CP026%#_#%%#_#%XQ50,external - bar
120A1MKY10CPP01XQ50,%,kgw,4,120_A1_MKY10_CPP01%#_#%%#_#%XQ50,external - %
120A1MKY10CS010XQ50,0,kgw,4,120_A1_MKY10_CS010%#_#%%#_#%XQ50,external - 0
120A1MKY10CT010XQ50,°C,kgw,4,120_A1_MKY10_CT010%#_#%%#_#%XQ50,external - °C
120A1MKY10CT012XQ50,°C,kgw,4,120_A1_MKY10_CT012%#_#%%#_#%XQ50,external - °C
120A1MKY10CT013XQ50,°C,kgw,4,120_A1_MKY10_CT013%#_#%%#_#%XQ50,external - °C
120A1MKY10CT014XQ50,°C,kgw,4,120_A1_MKY10_CT014%#_#%%#_#%XQ50,external - °C
120A1MKY10CT015XQ50,°C,kgw,4,120_A1_MKY10_CT015%#_#%%#_#%XQ50,external - °C
120A1MKY10CT016XQ50,°C,kgw,4,120_A1_MKY10_CT016%#_#%%#_#%XQ50,external - °C
120A1MKY10CT017XQ50,°C,kgw,4,120_A1_MKY10_CT017%#_#%%#_#%XQ50,external - °C
120A1MKY10CT018XQ50,°C,kgw,4,120_A1_MKY10_CT018%#_#%%#_#%XQ50,external - °C
120A1MKY10CT019XQ50,°C,kgw,4,120_A1_MKY10_CT019%#_#%%#_#%XQ50,external - °C
120A1MKY10CT021XQ50,°C,kgw,4,120_A1_MKY10_CT021%#_#%%#_#%XQ50,external - °C
120A1MKY10CT022XQ50,,kgw,4,120_A1_MKY10_CT022%#_#%%#_#%XQ50,external
120A1MKY10CT023XQ50,°C,kgw,4,120_A1_MKY10_CT023%#_#%%#_#%XQ50,external - °C
120A1MKY10CT024XQ50,°C,kgw,4,120_A1_MKY10_CT024%#_#%%#_#%XQ50,external - °C
120A1MKY10CT025XQ50,°C,kgw,4,120_A1_MKY10_CT025%#_#%%#_#%XQ50,external - °C
120A1MKY10CT026XQ50,°C,kgw,4,120_A1_MKY10_CT026%#_#%%#_#%XQ50,external - °C
120A1MKY10CT027XQ50,,kgw,4,120_A1_MKY10_CT027%#_#%%#_#%XQ50,external
120A1MKY10CZ010XQ50,kW,kgw,4,120_A1_MKY10_CZ010%#_#%%#_#%XQ50,external - kW
120A1MKY10EE010XQ50,mbar rms,kgw,4,120_A1_MKY10_EE010%#_#%%#_#%XQ50,external - mbar rms
120A1MKY10ZQ010XQ50,0,kgw,4,120_A1_MKY10_ZQ010%#_#%%#_#%XQ50,external - 0
120A1MKY10ZQ011XQ50,N,kgw,4,120_A1_MKY10_ZQ011%#_#%%#_#%XQ50,external - N
120A1MKY10ZQ012XQ50,%,kgw,4,120_A1_MKY10_ZQ012%#_#%%#_#%XQ50,external - VGV1 Position %
120A1UMB30CT010XQ50,°C,kgw,4,120_A1_UMB30_CT010%#_#%%#_#%XQ50,external - °C
120A1UMB80CP080XQ50,mbar,kgw,4,120_A1_UMB80_CP080%#_#%%#_#%XQ50,external - mbar
120A5CFE01CT001XQ01,°C,kgw,4,120_A5_CFE01_CT001%#_#%%#_#%XQ01,external - °C
120A5CFE01EG101XG01,,kgw,4,120_A5_CFE01_EG101%#_#%%#_#%XG01,external
120A5HAC00DL001XQ01,t/h,kgw,4,120 A5 HAC00 DL001%#_#%%#_#%XQ01,external - t/h
120A5HAC10AA001AXQ01,%,kgw,4,120 A5 HAC10 AA001A%#_#%%#_#%XQ01,external - %
120A5HAC10AA002AXQ01,%,kgw,4,120 A5 HAC10 AA002A%#_#%%#_#%XQ01,external - %
120A5HAC10AA010XQ10,%,kgw,4,120 A5 HAC10 AA010%#_#%%#_#%XQ10,external - %
120A5HAC10CP901XQ01,bar,kgw,4,120 A5 HAC10 CP901%#_#%%#_#%XQ01,external - bar
120A5HAC10CT001XQ01,°C,kgw,4,120 A5 HAC10 CT001%#_#%%#_#%XQ01,external - °C
120A5HAC10DP010XD,%,kgw,4,120 A5 HAC10 DP010%#_#%%#_#%XD,external - %
120A5HAD10AA001AXQ01,%,kgw,4,120 A5 HAD10 AA001A%#_#%%#_#%XQ01,external - %
120A5HAD10AA101AXQ01,%,kgw,4,120 A5 HAD10 AA101A%#_#%%#_#%XQ01,external - %
120A5HAD10CF001XQ01,t/h,kgw,4,120 A5 HAD10 CF001%#_#%%#_#%XQ01,external - t/h
120A5HAD10CP001XQ01,bar,kgw,4,120_A5_HAD10_CP001%#_#%%#_#%XQ01,external - bar
120A5HAD10DF001XD,%,kgw,4,120 A5 HAD10 DF001%#_#%%#_#%XD,external - %
120A5HAD10FL7011XQ01,mm,kgw,4,120_A5_HAD10_FL701%#_#%%#_#%1XQ01,external - mm
120A5HAD10FL701ZQ01,,kgw,4,120_A5_HAD10_FL701%#_#%%#_#%ZQ01,external
120A5HAD10FL702XQ01,mm,kgw,4,120_A5_HAD10_FL702%#_#%%#_#%XQ01,external - mm
120A5HAD10FL702ZQ01,,kgw,4,120_A5_HAD10_FL702%#_#%%#_#%ZQ01,external
120A5HAD10FL703XQ01,mm,kgw,4,120_A5_HAD10_FL703%#_#%%#_#%XQ01,external - mm
120A5HAD10FL703ZQ01,,kgw,4,120_A5_HAD10_FL703%#_#%%#_#%ZQ01,external
120A5HAD10FL901XQ01,,kgw,4,120_A5_HAD10_FL901%#_#%%#_#%XQ01,external
120A5HAH10AA001AXQ01,%,kgw,4,120 A5 HAH10 AA001A%#_#%%#_#%XQ01,external - %
120A5HAH10AA001AXQ01,%,kgw,4,120 A5 HAH10 AA001A%#_#%%#_#%XQ01s,external - %
120A5HAH10AA001XC01,,kgw,4,120 A5 HAH10 AA001%#_#%%#_#%XC01,external
120A5HAH10AA001XC95,,kgw,4,120 A5 HAH10 AA001%#_#%%#_#%XC95,external
120A5HAH10CT011XQ01,°C,kgw,4,120 A5 HAH10 CT011%#_#%%#_#%XQ01,external - °C
120A5HAH10CT012XQ01,°C,kgw,4,120 A5 HAH10 CT012%#_#%%#_#%XQ01,external - °C
120A5HAH10CT013XQ01,°C,kgw,4,120 A5 HAH10 CT013%#_#%%#_#%XQ01,external - °C
120A5HAH10CT021XQ01,°C,kgw,4,120 A5 HAH10 CT021%#_#%%#_#%XQ01,external - °C
120A5HAH10CT022XQ01,°C,kgw,4,120 A5 HAH10 CT022%#_#%%#_#%XQ01,external - °C
120A5HAH10CT921XQ01,°C,kgw,4,120 A5 HAH10 CT921%#_#%%#_#%XQ01,external - °C
120A5HAH10DT001XQ10,°C,kgw,4,120 A5 HAH10 DT001%#_#%%#_#%XQ10,external - °C
120A5HBK10CT001XQ01,°C,kgw,4,120 A5 HBK10 CT001%#_#%%#_#%XQ01,HRSG T RG BHND SUPPLEM-FIR - °C
120A5HHA00CQ001ZQ03,MW,kgw,4,120_A5_HHA00_CQ001%#_#%%#_#%ZQ03,FeuerungswärmeleistgGT+K5 - MW
120A5HHA11CR002AXG02,,kgw,4,120_A5_HHA11_CR002A%#_#%%#_#%XG02,external
120A5HHA12CR001AXG02,,kgw,4,120_A5_HHA12_CR001A%#_#%%#_#%XG02,external
120A5HHA12CR002AXG02,,kgw,4,120_A5_HHA12_CR002A%#_#%%#_#%XG02,external
120A5HHA13CR002AXG02,,kgw,4,120_A5_HHA13_CR002A%#_#%%#_#%XG02,external
120A5HHA14CR002AXG02,,kgw,4,120_A5_HHA14_CR002A%#_#%%#_#%XG02,external
120A5HHG00CE001XQ01,,kgw,4,120_A5_HHG00_CE001%#_#%%#_#%XQ01,Zusatzfeuerung
120A5HHG10CG001XQ01,%,kgw,4,120 A5 HHG10 CG001%#_#%%#_#%XQ01,external - %
120A5HHG10CT001XQ01,°C,kgw,4,120 A5 HHG10 CT001%#_#%%#_#%XQ01,external - °C
120A5HHG10DF001XD,%,kgw,4,120 A5 HHG10 DF001%#_#%%#_#%XD,external - %
120A5HHG10FF001XQ01,Nm³/h,kgw,4,120 A5 HHG10 FF001%#_#%%#_#%XQ01,HRSG GAS-F BRN-GRP 1 - Nm³/h
120A5HHG10FF002XQ01,Nm³/h,kgw,4,120 A5 HHG10 FF002%#_#%%#_#%XQ01,HRSG SUM GAS-F SUPPLEM-FIR - Nm³/h
120A5HHG13CG001XQ01,%,kgw,4,120 A5 HHG13 CG001%#_#%%#_#%XQ01,external - %
120A5HHG13DF001XD,%,kgw,4,120 A5 HHG13 DF001%#_#%%#_#%XD,external - %
120A5HHG13FF001XQ01,Nm³/h,kgw,4,120 A5 HHG13 FF001%#_#%%#_#%XQ01,HRSG GAS-F BRN-GRP 2 - Nm³/h
120A5HNA20CF001XQ01,Nm³/h,kgw,4,120_A5_HNA20_CF001%#_#%%#_#%XQ01,external - Nm³/h
120A5HNA20CQ001XQ11,Vol%,kgw,4,120_A5_HNA20_CQ001%#_#%%#_#%XQ11,external - Vol%
120A5HNA20CQ002XQ11,mg/Nm³,kgw,4,120_A5_HNA20_CQ002%#_#%%#_#%XQ11,external - mg/Nm³
120A5HNA20CQ003XQ11,mg/Nm³,kgw,4,120_A5_HNA20_CQ003%#_#%%#_#%XQ11,external - mg/Nm³
120A5HNA20CT041XQ01,°C,kgw,4,120_A5_HNA20_CT041%#_#%%#_#%XQ01,HRSG FLU-GAS BEF STK - °C
120A5LAB20AA001AXQ01,%,kgw,4,120 A5 LAB20 AA001A%#_#%%#_#%XQ01,external - %
120A5LAB20AA001XQ01,%,kgw,4,120 A5 LAB20 AA001%#_#%%#_#%XQ01,external - %
120A5LAB20CT001XQ01,°C,kgw,4,120 A5 LAB20 CT001%#_#%%#_#%XQ01,external - °C
120A5LAB20CT011XQ01,°C,kgw,4,120 A5 LAB20 CT011%#_#%%#_#%XQ01,external - °C
120A5LAB20CT021XQ01,°C,kgw,4,120 A5 LAB20 CT021%#_#%%#_#%XQ01,external - °C
120A5LAB20DT001XD,%,kgw,4,120 A5 LAB20 DT001%#_#%%#_#%XD,external - %
120A5LAB21CG101XG01,,kgw,4,120 A5 LAB21 CG101%#_#%%#_#%XG01,external
120A5LAB22CG101XG01,,kgw,4,120 A5 LAB22 CG101%#_#%%#_#%XG01,external
120A5LAB22CP001XQ01,bar,kgw,4,120 A5 LAB22 CP001%#_#%%#_#%XQ01,P FW BEF HRSG - bar
120A5LAB30CF901XQ01,t/h,kgw,4,120 A5 LAB30 CF901%#_#%%#_#%XQ01,F FW BEF HRSG 1O-O2 - t/h
120A5LAB30CT001XQ01,°C,kgw,4,120 A5 LAB30 CT001%#_#%%#_#%XQ01,T FW BEF HRSG - °C
120A5LAC21AP001XB01,,kgw,4,120 A5 LAC21 AP001%#_#%%#_#%XB01,external
120A5LAC22AP001XB01,,kgw,4,120 A5 LAC22 AP001%#_#%%#_#%XB01,external
120A5LAC22CP751XG01,,kgw,4,120 A5 LAC22 CP751%#_#%%#_#%XG01,external
120A5LAC22CP751XM01,,kgw,4,120 A5 LAC22 CP751%#_#%%#_#%XM01,external
120A5LAC22CP752XG01,,kgw,4,120 A5 LAC22 CP752%#_#%%#_#%XG01,external
120A5LAC22CS701XG01,,kgw,4,120 A5 LAC22 CS701%#_#%%#_#%XG01,external
120A5LAC22CT711XQ01,°C,kgw,4,120 A5 LAC22 CT711%#_#%%#_#%XQ01,external - °C
120A5LAC22CT712XQ01,°C,kgw,4,120 A5 LAC22 CT712%#_#%%#_#%XQ01,external - °C
120A5LAC22CT713XQ01,°C,kgw,4,120 A5 LAC22 CT713%#_#%%#_#%XQ01,external - °C
120A5LAC22CT714XQ01,°C,kgw,4,120 A5 LAC22 CT714%#_#%%#_#%XQ01,external - °C
120A5LAC22CT715XQ01,°C,kgw,4,120 A5 LAC22 CT715%#_#%%#_#%XQ01,external - °C
120A5LAC22CT716XQ01,°C,kgw,4,120 A5 LAC22 CT716%#_#%%#_#%XQ01,external - °C
120A5LBA00CE001XQ01,bar,kgw,4,120_A5_LBA00_CE001%#_#%%#_#%XQ01,Druckregelung 110bar
120A5LBA10AA101AXQ01,%,kgw,4,120 A5 LBA10 AA101A%#_#%%#_#%XQ01,external - %
120A5LBA10AA102AXQ01,%,kgw,4,120 A5 LBA10 AA102A%#_#%%#_#%XQ01,external - %
120A5LBA10CF901XQ01,t/h,kgw,4,120 A5 LBA10 CF901%#_#%%#_#%XQ01,external - t/h
120A5LBA10CP011XQ01,bar,kgw,4,120 A5 LBA10 CP011%#_#%%#_#%XQ01,P hi HeiDaSchi AbHKes - bar
120A5LBA10CP901XQ01,bar,kgw,4,120 A5 LBA10 CP901%#_#%%#_#%XQ01,AHDE P LVE-STM - bar
120A5LBA10CT001XQ01,°C,kgw,4,120_A5_LBA10_CT001%#_#%%#_#%XQ01,external - °C
120A5LBA10CT002XQ01,°C,kgw,4,120_A5_LBA10_CT002%#_#%%#_#%XQ01,external - °C
120A5LBA10CT004XQ01,°C,kgw,4,120 A5 LBA10 CT004%#_#%%#_#%XQ01,external - °C
120A5LBA10CT011XQ01,°C,kgw,4,120 A5 LBA10 CT011%#_#%%#_#%XQ01,T hi HeiDaSchi AbHKes - °C
120A5LBA10CT901XQ01,°C,kgw,4,120_A5_LBA10_CT901%#_#%%#_#%XQ01,AHDE T LVE-STM - °C
120A5LBA10DP001XQ01,,kgw,4,120 A5 LBA10 DP001%#_#%%#_#%XQ01,HD Lastregelung
120A5LBA10FF901XQ01,t/h,kgw,4,120 A5 LBA10 FF901%#_#%%#_#%XQ01,HRSG FLOW-RT LVE-STM - t/h
120A5LBE14CT001XQ01,°C,kgw,4,120 A5 LBE14 CT001%#_#%%#_#%XQ01,external - °C
120A5LBH10AA001AXQ01,%,kgw,4,120 A5 LBH10 AA001A%#_#%%#_#%XQ01,external - %
120A5LBH10AA101AXQ01,%,kgw,4,120 A5 LBH10 AA101A%#_#%%#_#%XQ01,external - %
120A5LBY01DP001XQ01,bar,kgw,4,120 A5 LBY01 DP001%#_#%%#_#%XQ01,external - bar
120A5MAC21CP101XG01,,kgw,4,120 A5 MAC21 CP101%#_#%%#_#%XG01,external
120A5MAC21GS010XQ01,U/min,kgw,4,120 A5 MAC21 GS010%#_#%%#_#%XQ01,external - U/min
120A5MAK21CT001XQ01,°C,kgw,4,120 A5 MAK21 CT001%#_#%%#_#%XQ01,external - °C
120A5MAK21CT002XQ01,°C,kgw,4,120 A5 MAK21 CT002%#_#%%#_#%XQ01,external - °C
120A5MAK21CT003XQ01,°C,kgw,4,120 A5 MAK21 CT003%#_#%%#_#%XQ01,external - °C
120A5MAK21CT004XQ01,°C,kgw,4,120 A5 MAK21 CT004%#_#%%#_#%XQ01,external - °C
120A5MAK21CT005XQ01,°C,kgw,4,120 A5 MAK21 CT005%#_#%%#_#%XQ01,external - °C
120A5MAK21CT006XQ01,°C,kgw,4,120 A5 MAK21 CT006%#_#%%#_#%XQ01,external - °C
120A5MAV21AP002XB01,,kgw,4,120 A5 MAV21 AP002%#_#%%#_#%XB01,external
120A5MAV21CP001XQ01,bar,kgw,4,120 A5 MAV21 CP001%#_#%%#_#%XQ01,external - bar
120A5MAV21CP101ZG01,,kgw,4,120 A5 MAV21 CP101%#_#%%#_#%ZG01,external
120A5MAV21CP102XG54,,kgw,4,120 A5 MAV21 CP102%#_#%%#_#%XG54,external
120A5MAV21CP103XG52,,kgw,4,120 A5 MAV21 CP103%#_#%%#_#%XG52,external
120A5MAV21CP111XG52,,kgw,4,120 A5 MAV21 CP111%#_#%%#_#%XG52,external
120A5MAV21CT001XQ01,°C,kgw,4,120 A5 MAV21 CT001%#_#%%#_#%XQ01,external - °C
120A5QUB10CQ001XQ01,µS/cm,kgw,4,120 A5 QUB10 CQ001%#_#%%#_#%XQ01,external - µS/cm
120A5QUB10CQ002XQ01,µS/cm,kgw,4,120 A5 QUB10 CQ002%#_#%%#_#%XQ01,external - µS/cm
120A5QUH10CQ001XQ01,µS/cm,kgw,4,120 A5 QUH10 CQ001%#_#%%#_#%XQ01,external - µS/cm
120A5QUH10CQ002XQ01,PH,kgw,4,120 A5 QUH10 CQ002%#_#%%#_#%XQ01,external - PH
120A5QUH10CQ003XQ01,µS/cm,kgw,4,120 A5 QUH10 CQ003%#_#%%#_#%XQ01,external - µS/cm
120A0CJA90DE001XQ83,,kgw,4,120_A0_CJA90_DE001%#_#%%#_#%XQ83,Differenz Soll- und Istwert 110kV
120A0CJA00EE014XQ01,,kgw,4,120_A0_CJA00_EE014%#_#%%#_#%XQ01,BesichReihFolg 1
120A0CJA00EE014XQ03,,kgw,4,120_A0_CJA00_EE014%#_#%%#_#%XQ03,BesichReihFolg 2
120A0CJA00EE014XQ05,,kgw,4,120_A0_CJA00_EE014%#_#%%#_#%XQ05,BesichReihFolg 3
120A0CJA00EE014XQ07,,kgw,4,120_A0_CJA00_EE014%#_#%%#_#%XQ07,BesichReihFolg 4
120A0CJA00DU900XQ01,,kgw,4,120_A0_CJA00_DU900%#_#%%#_#%XQ01,Durchflussschätzung RedStat 110/7
120A0CJA00DU900XQ02,,kgw,4,120_A0_CJA00_DU900%#_#%%#_#%XQ02,Durchflussschätzung RedStat 110/24
